Fish,Neuromast,Condition,Genotype,Date,Hair_Cells,DAPI_Nuclei,Nonsensory_Cells,NM_Area,Z_Min,Z_Max,Z_Depth,NM_Volume
zf1,nm1,Dev,WT,20240529,15,60,45,1193,40,90,10,11930
zf1,nm2,Dev,WT,20240529,15,59,44,1244,45,90,9,11196
zf1,nm3,Dev,WT,20240529,14,62,48,1259,45,90,9,11331
zf1,nm4,Dev,WT,20240529,15,67,52,1609,55,95,8,12872
zf2,nm1,Dev,WT,20240529,16,50,34,1135,40,90,10,11350
zf2,nm3,Dev,WT,20240529,14,61,47,1137,50,100,10,11370
zf2,nm4,Dev,WT,20240529,16,59,43,1310,50,95,9,11790
zf3,nm1,Dev,WT,20240529,20,67,47,1276,30,95,13,16588
zf3,nm2,Dev,WT,20240529,18,68,50,1417,60,110,10,14170
zf3,nm3,Dev,WT,20240529,18,67,49,1634,55,100,9,14706
zf4,nm2,Dev,WT,20240529,14,53,39,926,45,100,11,10186
zf4,nm3,Dev,WT,20240529,18,63,45,995,50,100,10,9950
zf4,nm4,Dev,WT,20240529,18,71,53,1277,45,100,11,14047
zf5,nm1,Dev,WT,20240529,20,66,46,1311,50,95,9,11799
zf5,nm2,Dev,WT,20240529,14,61,47,1165,45,95,10,11650
zf5,nm3,Dev,WT,20240529,15,65,50,1359,55,95,8,10872
zf5,nm4,Dev,WT,20240529,16,65,49,1532,45,95,10,15320
zf1,nm1,Dev,Mut,20240529,17,60,43,1295,35,100,13,16835
zf1,nm2,Dev,Mut,20240529,18,60,42,1305,55,105,10,13050
zf1,nm3,Dev,Mut,20240529,18,65,47,1490,45,95,10,14900
zf1,nm4,Dev,Mut,20240529,14,58,44,1247,45,95,10,12470
zf2,nm1,Dev,Mut,20240529,18,,,1286,60,105,9,11574
zf2,nm2,Dev,Mut,20240529,16,74,58,1336,60,95,7,9352
zf2,nm3,Dev,Mut,20240529,16,67,51,1410,55,100,9,12690
zf2,nm4,Dev,Mut,20240529,13,57,44,1374,50,85,7,9618
zf3,nm1,Dev,Mut,20240529,16,66,50,1555,50,95,9,13995
zf3,nm2,Dev,Mut,20240529,16,64,48,1342,55,90,7,9394
zf3,nm3,Dev,Mut,20240529,16,61,45,1401,50,105,11,15411
zf3,nm4,Dev,Mut,20240529,14,61,47,1332,55,95,8,10656
zf3,nm5,Dev,Mut,20240529,13,63,50,1474,55,100,9,13266
zf4,nm1,Dev,Mut,20240529,16,61,45,1292,55,100,9,11628
zf4,nm2,Dev,Mut,20240529,16,55,39,1009,50,110,12,12108
zf4,nm3,Dev,Mut,20240529,16,58,42,1086,50,95,9,9774
zf4,nm4,Dev,Mut,20240529,16,66,50,1767,55,95,8,14136
zf1,nm1,Dev,Het,20240529,20,66,46,1336,45,95,10,13360
zf1,nm2,Dev,Het,20240529,17,68,51,1508,50,95,9,13572
zf1,nm3,Dev,Het,20240529,14,73,59,1858,55,90,7,13006
zf2,nm4,Dev,Het,20240529,16,64,48,1494,55,100,9,13446
zf3,nm1,Dev,Het,20240529,19,67,48,1388,45,95,10,13880
zf3,nm2,Dev,Het,20240529,17,68,51,1517,50,100,10,15170
zf3,nm3,Dev,Het,20240529,19,66,47,1442,55,100,9,12978
zf3,nm4,Dev,Het,20240529,18,60,42,1617,50,95,9,14553
zf4,nm1,Dev,Het,20240529,19,70,51,1311,50,90,8,10488
zf4,nm2,Dev,Het,20240529,16,67,51,1315,45,90,9,11835
zf4,nm3,Dev,Het,20240529,18,69,51,1551,55,90,7,10857
zf4,nm4,Dev,Het,20240529,15,61,46,1485,55,90,7,10395
zf4,nm5,Dev,Het,20240529,15,60,45,1663,45,80,7,11641
zf5,nm1,Dev,Het,20240529,13,48,35,1481,50,85,7,10367
zf5,nm2,Dev,Het,20240529,15,58,43,1425,55,95,8,11400
zf5,nm3,Dev,Het,20240529,16,58,42,1414,55,95,8,11312
zf5,nm4,Dev,Het,20240529,16,58,42,1387,55,95,8,11096
zf5,nm5,Dev,Het,20240529,15,62,47,1640,50,85,7,11480
zf5,nm6,Dev,Het,20240529,17,65,48,1856,55,90,7,12992
zf6,nm2,Dev,Het,20240529,12,68,56,1776,50,100,10,17760
zf6,nm3,Dev,Het,20240529,14,64,50,1544,55,95,8,12352
zf6,nm4,Dev,Het,20240529,13,64,51,1662,50,85,7,11634
zf6,nm5,Dev,Het,20240529,12,62,50,1628,55,95,8,13024
zf7,nm2,Dev,Het,20240529,13,51,38,1336,50,95,9,12024
zf7,nm3,Dev,Het,20240529,16,66,50,1548,55,90,7,10836
zf7,nm4,Dev,Het,20240529,14,60,46,1643,55,85,6,9858
zf1,nm1,Regen,WT,20240606,16,57,41,1442,45,95,10,14420
zf1,nm2,Regen,WT,20240606,14,53,39,1223,55,105,10,12230
zf1,nm3,Regen,WT,20240606,16,48,32,1127,55,95,8,9016
zf1,nm4,Regen,WT,20240606,12,59,47,1169,55,100,9,10521
zf1,nm5,Regen,WT,20240606,13,51,38,1139,55,95,8,9112
zf2,nm1,Regen,WT,20240606,14,57,43,1153,45,90,9,10377
zf2,nm2,Regen,WT,20240606,15,54,39,1101,45,100,11,12111
zf2,nm3,Regen,WT,20240606,16,51,35,1059,40,95,11,11649
zf2,nm4,Regen,WT,20240606,12,52,40,1078,40,85,9,9702
zf3,nm1,Regen,WT,20240606,14,61,47,1426,40,85,9,12834
zf3,nm2,Regen,WT,20240606,16,62,46,1432,45,85,8,11456
zf3,nm3,Regen,WT,20240606,15,55,40,1373,50,95,9,12357
zf3,nm4,Regen,WT,20240606,15,57,42,1602,45,90,9,14418
zf3,nm5,Regen,WT,20240606,12,55,43,1351,50,90,8,10808
zf4,nm1,Regen,WT,20240606,14,67,53,1473,55,95,8,11784
zf4,nm2,Regen,WT,20240606,16,61,45,1400,50,95,9,12600
zf4,nm3,Regen,WT,20240606,16,58,42,1402,45,90,9,12618
zf4,nm4,Regen,WT,20240606,15,60,45,1371,55,95,8,10968
zf4,nm5,Regen,WT,20240606,13,59,46,1277,50,90,8,10216
zf4,nm6,Regen,WT,20240606,14,57,43,1298,50,85,7,9086
zf1,nm2,Regen,Mut,20240606,16,42,26,1076,55,95,8,8608
zf1,nm3,Regen,Mut,20240606,12,47,35,1149,45,95,10,11490
zf1,nm4,Regen,Mut,20240606,11,56,45,1209,55,100,9,10881
zf2,nm1,Regen,Mut,20240606,14,56,42,1192,50,100,10,11920
zf2,nm2,Regen,Mut,20240606,12,63,51,1215,55,100,9,10935
zf2,nm3,Regen,Mut,20240606,12,59,47,1183,55,110,11,13013
zf2,nm4,Regen,Mut,20240606,14,54,40,1193,45,95,10,11930
zf3,nm1,Regen,Mut,20240606,14,61,47,1176,40,100,12,14112
zf3,nm2,Regen,Mut,20240606,14,54,40,1398,50,95,9,12582
zf3,nm3,Regen,Mut,20240606,13,60,47,1261,50,100,10,12610
zf3,nm4,Regen,Mut,20240606,13,56,43,1352,50,90,8,10816
zf3,nm5,Regen,Mut,20240606,12,59,47,1473,55,95,8,11784
zf1,nm1,Regen,Het,20240606,12,56,44,1050,40,95,11,11550
zf1,nm2,Regen,Het,20240606,14,55,41,1122,50,100,10,11220
zf1,nm3,Regen,Het,20240606,16,60,44,1209,55,100,9,10881
zf1,nm4,Regen,Het,20240606,10,54,44,1288,50,90,8,10304
zf1,nm5,Regen,Het,20240606,11,60,49,1356,45,90,9,12204
zf2,nm2,Regen,Het,20240606,12,52,40,1311,45,100,11,14421
zf2,nm3,Regen,Het,20240606,16,56,40,1309,45,95,10,13090
zf2,nm4,Regen,Het,20240606,12,47,35,1389,50,95,9,12501
zf2,nm5,Regen,Het,20240606,12,56,44,1216,50,95,9,10944
